{"cameraMode":{"drawMode":0,"name":"Shaded","section":"Shading Mode"},"sceneLighting":true,"audioPlay":false,"sceneViewState":{"showFog":true,"showMaterialUpdate":false,"showSkybox":true,"showFlares":true,"showImageEffects":true,"showParticleSystems":true},"in2DMode":false,"pivot":{"x":-0.9952354431152344,"y":-4.76837158203125e-7,"z":11.490499496459961},"rotation":{"x":-0.20214539766311646,"y":0.4488590359687805,"z":-0.10500724613666535,"w":-0.8640812635421753},"size":10.0,"orthographic":false}